<?xml version="1.0" encoding="UTF-8"?>
<project-private xmlns="http://www.netbeans.org/ns/project-private/1">
    <editor-bookmarks xmlns="http://www.netbeans.org/ns/editor-bookmarks/2" lastBookmarkId="0"/>
    <open-files xmlns="http://www.netbeans.org/ns/projectui-open-files/2">
        <group>
            <file>file:/C:/Users/leslie/Desktop/cajeroAutomatico/cajeroAutomatico/src/pro/ClaseHija_Retiro.java</file>
            <file>file:/C:/Users/leslie/Desktop/cajeroAutomatico/cajeroAutomatico/src/pro/ClaseHija_Deposito.java</file>
            <file>file:/C:/Users/leslie/Desktop/cajeroAutomatico/cajeroAutomatico/src/pro/ClaseHija_Consulta.java</file>
            <file>file:/C:/Users/leslie/Desktop/cajeroAutomatico/cajeroAutomatico/src/cajeroautomatico/CajeroAutomatico.java</file>
            <file>file:/C:/Users/leslie/Desktop/cajeroAutomatico/cajeroAutomatico/src/pro/ClasePadre_Abstracta.java</file>
            <file>file:/C:/Users/leslie/Desktop/cajeroAutomatico/cajeroAutomatico/src/pro/ClasePrincipal.java</file>
        </group>
    </open-files>
</project-private>
